"","Year","Country","TRADE_IV"
"1",1980,"Argentina",15.1511992122086
"2",1980,"Australia",25.2072347063603
"3",1980,"Austria",70.5055069094858
"4",1980,"Belgium",121.897515306718
"5",1980,"Brazil",10.960574139814
"6",1980,"Canada",48.1032650706065
"7",1980,"Chile",48.2481974772622
"8",1980,"China",29.7829902807518
"9",1980,"Colombia",20.662864588168
"10",1980,"Denmark",69.5299942587025
"11",1980,"Finland",55.5449213836793
"12",1980,"France",37.6577384649911
"13",1980,"Germany",47.0678546119836
"14",1980,"Greece",40.0289468248033
"15",1980,"Hong Kong",277.358011539701
"16",1980,"India",24.3809728364477
"17",1980,"Indonesia",42.223566744458
"18",1980,"Ireland",138.81613848481
"19",1980,"Italy",34.7251038278717
"20",1980,"Japan",12.0467899043151
"21",1980,"Malaysia",145.071665967161
"22",1980,"Mexico",35.5162663287109
"23",1980,"Netherlands",107.11959723677
"24",1980,"New Zealand",44.1643974804664
"25",1980,"Norway",56.8160964796588
"26",1980,"Pakistan",20.5409496440424
"27",1980,"Peru",29.4255586101101
"28",1980,"Philippines",48.1707239915189
"29",1980,"Portugal",55.8617183087329
"30",1980,"Singapore",337.434164326442
"31",1980,"South Africa",38.4081872431337
"32",1980,"South Korea",57.8612089613812
"33",1980,"Spain",38.419485287628
"34",1980,"Sweden",59.583059882317
"35",1980,"Switzerland",86.5141485794983
"36",1980,"Thailand",89.7430520530106
"37",1980,"Turkiye",32.6384711982871
"38",1980,"United Kingdom",40.066352674733
"39",1980,"United States",7.17957272064705
"40",1980,"Venezuela, RB",37.811685866462
"41",1981,"Argentina",15.1041637798091
"42",1981,"Australia",25.0610217104629
"43",1981,"Austria",70.3539614071614
"44",1981,"Belgium",121.686557086689
"45",1981,"Brazil",10.7191661469803
"46",1981,"Canada",47.7358156321019
"47",1981,"Chile",48.0916796001531
"48",1981,"China",29.5432769543185
"49",1981,"Colombia",20.3472840593417
"50",1981,"Denmark",68.8555260202438
"51",1981,"Finland",55.1655978379236
"52",1981,"France",37.4996511307474
"53",1981,"Germany",46.921947681096
"54",1981,"Greece",39.6272835014325
"55",1981,"Hong Kong",277.160434272867
"56",1981,"India",24.1543903858134
"57",1981,"Indonesia",41.8093807122176
"58",1981,"Ireland",138.501171443595
"59",1981,"Italy",34.4832409866739
"60",1981,"Japan",11.8064011011161
"61",1981,"Malaysia",144.73121239735
"62",1981,"Mexico",35.5447572597103
"63",1981,"Netherlands",106.969601426764
"64",1981,"New Zealand",44.1598962872028
"65",1981,"Norway",56.8951678752839
"66",1981,"Pakistan",20.3349881931898
"67",1981,"Peru",28.9701712487274
"68",1981,"Philippines",47.8255101860674
"69",1981,"Portugal",55.7195453694379
"70",1981,"Singapore",337.095895849038
"71",1981,"South Africa",38.1963263786053
"72",1981,"South Korea",57.8764612527237
"73",1981,"Spain",37.3777954304612
"74",1981,"Sweden",59.2227610544204
"75",1981,"Switzerland",86.1377213380697
"76",1981,"Thailand",89.492421704197
"77",1981,"Turkiye",32.9294910248308
"78",1981,"United Kingdom",39.8019266048342
"79",1981,"United States",6.63319700516926
"80",1981,"Venezuela, RB",37.8463962777591
"81",1982,"Argentina",12.826505179212
"82",1982,"Australia",22.5722204519854
"83",1982,"Austria",68.0385107097488
"84",1982,"Belgium",119.230064060979
"85",1982,"Brazil",8.23735703978117
"86",1982,"Canada",45.6394518216213
"87",1982,"Chile",45.9696421314893
"88",1982,"China",26.5996644466842
"89",1982,"Colombia",18.0663646203996
"90",1982,"Denmark",66.3337173841524
"91",1982,"Finland",52.263106057083
"92",1982,"France",35.2179288102037
"93",1982,"Germany",44.4635604960701
"94",1982,"Greece",37.1873750639752
"95",1982,"Hong Kong",274.268132210601
"96",1982,"India",21.4359761930428
"97",1982,"Indonesia",39.2261418693012
"98",1982,"Ireland",136.096104628379
"99",1982,"Italy",31.9767020693834
"100",1982,"Japan",9.17371066672035
"101",1982,"Malaysia",141.717498069467
"102",1982,"Mexico",33.4096458004836
"103",1982,"Netherlands",103.851340739062
"104",1982,"New Zealand",41.8647216200945
"105",1982,"Norway",54.2518921640614
"106",1982,"Pakistan",17.9220838444672
"107",1982,"Peru",26.7805509657414
"108",1982,"Philippines",44.9450319015069
"109",1982,"Portugal",52.407028582135
"110",1982,"Singapore",334.629330416891
"111",1982,"South Africa",35.7814733582758
"112",1982,"South Korea",54.5328522618448
"113",1982,"Spain",35.134953132486
"114",1982,"Sweden",56.7663292075608
"115",1982,"Switzerland",83.6348235927783
"116",1982,"Thailand",87.2923057646252
"117",1982,"Turkiye",30.555230036214
"118",1982,"United Kingdom",37.3689300652057
"119",1982,"United States",3.71250444820009
"120",1982,"Venezuela, RB",35.2834894326342
"121",1983,"Argentina",11.6088581578544
"122",1983,"Australia",22.0981972414323
"123",1983,"Austria",67.5095104874144
"124",1983,"Belgium",118.603335290578
"125",1983,"Brazil",7.77972492625377
"126",1983,"Canada",45.2182978691878
"127",1983,"Chile",45.9794775237036
"128",1983,"China",25.7396698511751
"129",1983,"Colombia",17.5550865805922
"130",1983,"Denmark",65.772872835126
"131",1983,"Finland",51.958820509697
"132",1983,"France",34.0610467663028
"133",1983,"Germany",43.8833518800885
"134",1983,"Greece",36.5235195389072
"135",1983,"Hong Kong",273.659135803831
"136",1983,"India",20.543806360614
"137",1983,"Indonesia",38.447035163054
"138",1983,"Ireland",135.57531878199
"139",1983,"Italy",31.5045237975795
"140",1983,"Japan",8.62031274600984
"141",1983,"Malaysia",141.168752422367
"142",1983,"Mexico",33.1152937264848
"143",1983,"Netherlands",103.371006383521
"144",1983,"New Zealand",41.4662057889415
"145",1983,"Norway",53.0772728696587
"146",1983,"Pakistan",17.2683062840519
"147",1983,"Peru",26.1796503401018
"148",1983,"Philippines",44.6698331394514
"149",1983,"Portugal",51.8111232961698
"150",1983,"Singapore",333.923926785592
"151",1983,"South Africa",35.2672820287838
"152",1983,"South Korea",54.3453327147445
"153",1983,"Spain",34.4045603650295
"154",1983,"Sweden",56.1167639689776
"155",1983,"Switzerland",83.1027148858438
"156",1983,"Thailand",86.6490281903885
"157",1983,"Turkiye",29.9173553446495
"158",1983,"United Kingdom",36.8574168878898
"159",1983,"United States",3.31514125711377
"160",1983,"Venezuela, RB",34.566692049039
"161",1984,"Argentina",13.264000051299
"162",1984,"Australia",23.8713749263697
"163",1984,"Austria",69.1834794379534
"164",1984,"Belgium",119.547479300742
"165",1984,"Brazil",9.46779703938846
"166",1984,"Canada",46.7098877673128
"167",1984,"Chile",47.9078017993683
"168",1984,"China",27.2839850698135
"169",1984,"Colombia",19.3145221169867
"170",1984,"Denmark",67.7965544775617
"171",1984,"Finland",52.682692837505
"172",1984,"France",35.8004393412922
"173",1984,"Germany",45.6790084274563
"174",1984,"Greece",38.3597606869786
"175",1984,"Hong Kong",275.390361990248
"176",1984,"India",22.0028997773546
"177",1984,"Indonesia",39.774581760634
"178",1984,"Ireland",137.34876435238
"179",1984,"Italy",33.3515393587742
"180",1984,"Japan",10.3311430344811
"181",1984,"Malaysia",142.860625608866
"182",1984,"Mexico",35.4417970751929
"183",1984,"Netherlands",105.174153895001
"184",1984,"New Zealand",43.1638865369024
"185",1984,"Norway",54.6568831689238
"186",1984,"Pakistan",18.8072238398762
"187",1984,"Peru",28.124974969141
"188",1984,"Philippines",46.4282196896323
"189",1984,"Portugal",53.5148640482066
"190",1984,"Singapore",335.558016029448
"191",1984,"South Africa",37.1398854960489
"192",1984,"South Korea",56.2273745033344
"193",1984,"Spain",36.1778223372541
"194",1984,"Sweden",57.9066921204921
"195",1984,"Switzerland",84.8122677998564
"196",1984,"Thailand",88.4140037477097
"197",1984,"Turkiye",31.4761990158594
"198",1984,"United Kingdom",38.8183539480804
"199",1984,"United States",4.6331982938529
"200",1984,"Venezuela, RB",36.7128590953876
"201",1985,"Argentina",12.5421950587191
"202",1985,"Australia",23.4843056124415
"203",1985,"Austria",68.6857235074376
"204",1985,"Belgium",119.392236366851
"205",1985,"Brazil",9.21187285625194
"206",1985,"Canada",46.3817493493449
"207",1985,"Chile",47.6633305198121
"208",1985,"China",26.8760143785103
"209",1985,"Colombia",19.5296881508884
"210",1985,"Denmark",67.266731376571
"211",1985,"Finland",52.2920194461316
"212",1985,"France",35.5787922446988
"213",1985,"Germany",45.529534247673
"214",1985,"Greece",38.2210920420595
"215",1985,"Hong Kong",275.189236214942
"216",1985,"India",22.1749193823966
"217",1985,"Indonesia",39.7613553053776
"218",1985,"Ireland",137.043032109602
"219",1985,"Italy",32.291262527741
"220",1985,"Japan",10.1158691681431
"221",1985,"Malaysia",142.836269752931
"222",1985,"Mexico",34.1944194308869
"223",1985,"Netherlands",105.104230829949
"224",1985,"New Zealand",43.0522914550837
"225",1985,"Norway",54.49891726051
"226",1985,"Pakistan",18.4911753834998
"227",1985,"Peru",28.0575855491606
"228",1985,"Philippines",45.7385615129018
"229",1985,"Portugal",54.2371390414347
"230",1985,"Singapore",335.206999129269
"231",1985,"South Africa",37.0526708195187
"232",1985,"South Korea",55.818631724546
"233",1985,"Spain",35.8907897436987
"234",1985,"Sweden",57.4206526336582
"235",1985,"Switzerland",84.5977720836639
"236",1985,"Thailand",87.5117977754504
"237",1985,"Turkiye",31.0075672203706
"238",1985,"United Kingdom",38.5233212606783
"239",1985,"United States",3.43155971385839
"240",1985,"Venezuela, RB",35.9714355973838
"241",1986,"Argentina",8.64012266926714
"242",1986,"Australia",20.0498016639013
"243",1986,"Austria",65.3401721254778
"244",1986,"Belgium",116.07307882163
"245",1986,"Brazil",5.48242592230078
"246",1986,"Canada",42.974693572112
"247",1986,"Chile",44.3510232743182
"248",1986,"China",23.3131522156414
"249",1986,"Colombia",16.0984670484611
"250",1986,"Denmark",64.0144943163221
"251",1986,"Finland",48.6369859692187
"252",1986,"France",32.1445766769472
"253",1986,"Germany",42.1376468097153
"254",1986,"Greece",34.7248020584279
"255",1986,"Hong Kong",271.864381334303
"256",1986,"India",18.5048164028632
"257",1986,"Indonesia",36.567147990132
"258",1986,"Ireland",133.618362420517
"259",1986,"Italy",28.9266223715529
"260",1986,"Japan",6.86329772673876
"261",1986,"Malaysia",139.99396618064
"262",1986,"Mexico",30.7401159022027
"263",1986,"Netherlands",101.988208608457
"264",1986,"New Zealand",39.7415273201166
"265",1986,"Norway",50.9339788182919
"266",1986,"Pakistan",14.9734331948961
"267",1986,"Peru",24.7351263555163
"268",1986,"Philippines",42.1331648081932
"269",1986,"Portugal",50.7541500500185
"270",1986,"Singapore",331.777377590664
"271",1986,"South Africa",33.3566972657769
"272",1986,"South Korea",52.4975367548716
"273",1986,"Spain",32.3329679424621
"274",1986,"Sweden",54.217933826422
"275",1986,"Switzerland",81.1628617757056
"276",1986,"Thailand",83.7692480157228
"277",1986,"Turkiye",26.7616289893162
"278",1986,"United Kingdom",35.2031578164244
"279",1986,"United States",0.0867797802964161
"280",1986,"Venezuela, RB",32.5681496064681
"281",1987,"Argentina",9.67960829383476
"282",1987,"Australia",21.5998345983481
"283",1987,"Austria",66.7610046095219
"284",1987,"Belgium",117.649475443375
"285",1987,"Brazil",7.21804211399272
"286",1987,"Canada",44.3263848157534
"287",1987,"Chile",45.7632159480718
"288",1987,"China",24.7288585649615
"289",1987,"Colombia",17.7783307453042
"290",1987,"Denmark",65.4518207654397
"291",1987,"Finland",49.9966682432059
"292",1987,"France",34.0168421280908
"293",1987,"Germany",43.7427050454133
"294",1987,"Greece",36.7204122355429
"295",1987,"Hong Kong",273.510513945562
"296",1987,"India",19.8096405259894
"297",1987,"Indonesia",38.1506119000159
"298",1987,"Ireland",135.299081394944
"299",1987,"Italy",30.4980848307474
"300",1987,"Japan",8.4796965038504
"301",1987,"Malaysia",140.939109718501
"302",1987,"Mexico",32.3023606336107
"303",1987,"Netherlands",103.559834046074
"304",1987,"New Zealand",41.3167113856413
"305",1987,"Norway",52.3540646027724
"306",1987,"Pakistan",17.39774357565
"307",1987,"Peru",26.3526840772418
"308",1987,"Philippines",43.9235079691517
"309",1987,"Portugal",52.3229327460002
"310",1987,"Singapore",333.381126222496
"311",1987,"South Africa",34.8436352748717
"312",1987,"South Korea",53.9798561998337
"313",1987,"Spain",33.9537019487479
"314",1987,"Sweden",55.5952720574194
"315",1987,"Switzerland",82.8122581964653
"316",1987,"Thailand",84.4375094372693
"317",1987,"Turkiye",27.8534980833563
"318",1987,"United Kingdom",35.694137862288
"319",1987,"United States",2.06282441460115
"320",1987,"Venezuela, RB",34.1882886254478
"321",1988,"Argentina",12.4476116645513
"322",1988,"Australia",24.4047228854389
"323",1988,"Austria",70.0414839800498
"324",1988,"Belgium",120.992573733296
"325",1988,"Brazil",10.653882305458
"326",1988,"Canada",47.6143399458731
"327",1988,"Chile",49.0223419836834
"328",1988,"China",27.7287707968338
"329",1988,"Colombia",21.1881698895283
"330",1988,"Denmark",68.6750074887924
"331",1988,"Finland",53.2371934591901
"332",1988,"France",37.2250120827344
"333",1988,"Germany",47.1275770955245
"334",1988,"Greece",40.3601954448777
"335",1988,"Hong Kong",276.584651510174
"336",1988,"India",22.3028764524262
"337",1988,"Indonesia",40.7881800347591
"338",1988,"Ireland",138.7292925504
"339",1988,"Italy",33.6439021763134
"340",1988,"Japan",11.917599001779
"341",1988,"Malaysia",143.7775986771
"342",1988,"Mexico",35.721829155278
"343",1988,"Netherlands",106.895777388243
"344",1988,"New Zealand",43.9151541951538
"345",1988,"Norway",55.7674878382512
"346",1988,"Pakistan",20.3517573726807
"347",1988,"Peru",29.1615987164407
"348",1988,"Philippines",46.5034156565973
"349",1988,"Portugal",55.6966462635608
"350",1988,"Singapore",336.644018918477
"351",1988,"South Africa",38.0555105013817
"352",1988,"South Korea",56.1175597037473
"353",1988,"Spain",37.598058506275
"354",1988,"Sweden",58.9118272853958
"355",1988,"Switzerland",86.2022411616882
"356",1988,"Thailand",87.6943817435466
"357",1988,"Turkiye",30.5729545289813
"358",1988,"United Kingdom",39.0062321511671
"359",1988,"United States",5.38891500380605
"360",1988,"Venezuela, RB",37.6572011801549
"361",1989,"Argentina",14.0906760239757
"362",1989,"Australia",25.4293390277884
"363",1989,"Austria",71.3725714294999
"364",1989,"Belgium",122.395834134043
"365",1989,"Brazil",11.8687611727964
"366",1989,"Canada",48.8103745994784
"367",1989,"Chile",50.0905148904366
"368",1989,"China",28.8747284682047
"369",1989,"Colombia",22.6616399793281
"370",1989,"Denmark",70.4289523450875
"371",1989,"Finland",55.0651418676936
"372",1989,"France",38.5514614926557
"373",1989,"Germany",48.7371239906287
"374",1989,"Greece",41.9552041717907
"375",1989,"Hong Kong",277.881215019972
"376",1989,"India",23.5141651825096
"377",1989,"Indonesia",41.7750594865561
"378",1989,"Ireland",140.252667683862
"379",1989,"Italy",34.2185877113952
"380",1989,"Japan",13.411598768346
"381",1989,"Malaysia",144.994517667958
"382",1989,"Mexico",37.2313077776266
"383",1989,"Netherlands",108.360104541388
"384",1989,"New Zealand",45.0549596778688
"385",1989,"Norway",57.5187093082674
"386",1989,"Pakistan",20.3971662417923
"387",1989,"Peru",30.615359169027
"388",1989,"Philippines",48.2277890811526
"389",1989,"Portugal",57.0219588615725
"390",1989,"Singapore",337.340912788476
"391",1989,"South Africa",39.037689145194
"392",1989,"South Korea",56.666566817696
"393",1989,"Spain",37.8349258018479
"394",1989,"Sweden",60.5063785520736
"395",1989,"Switzerland",86.9321791131901
"396",1989,"Thailand",88.9553058556283
"397",1989,"Turkiye",31.8635872595881
"398",1989,"United Kingdom",40.2683690641464
"399",1989,"United States",6.49177907633035
"400",1989,"Venezuela, RB",38.9743120723475
"401",1990,"Argentina",14.1595865203581
"402",1990,"Australia",25.3632463190592
"403",1990,"Austria",71.232834884403
"404",1990,"Belgium",122.442185679339
"405",1990,"Brazil",11.4193213464685
"406",1990,"Canada",48.3756537036355
"407",1990,"Chile",48.9781322035452
"408",1990,"China",27.530008071159
"409",1990,"Colombia",22.1934325764346
"410",1990,"Denmark",70.3298298608815
"411",1990,"Finland",54.6313564044602
"412",1990,"France",38.5864454193901
"413",1990,"Germany",48.5344228710552
"414",1990,"Greece",41.2898516721334
"415",1990,"Hong Kong",277.743427900965
"416",1990,"India",23.2323873190827
"417",1990,"Indonesia",41.4224481653371
"418",1990,"Ireland",140.208490919929
"419",1990,"Italy",34.0829905285761
"420",1990,"Japan",13.3912248689577
"421",1990,"Malaysia",144.825154348535
"422",1990,"Mexico",37.0350170162092
"423",1990,"Netherlands",108.500462411321
"424",1990,"New Zealand",45.4410722716923
"425",1990,"Norway",57.4046489678579
"426",1990,"Pakistan",20.2270338833136
"427",1990,"Peru",30.7941968556067
"428",1990,"Philippines",48.9118194248666
"429",1990,"Portugal",56.8073658137518
"430",1990,"Singapore",336.948655970075
"431",1990,"South Africa",38.6557312442076
"432",1990,"South Korea",56.7985566537013
"433",1990,"Spain",37.5501087965528
"434",1990,"Sweden",60.5443877891495
"435",1990,"Switzerland",86.9937668778321
"436",1990,"Thailand",88.56716668567
"437",1990,"Turkiye",31.9678068482501
"438",1990,"United Kingdom",40.3813979178657
"439",1990,"United States",6.66852679474616
"440",1990,"Venezuela, RB",38.4583779953579
"441",1991,"Argentina",13.6034370042788
"442",1991,"Australia",24.7185075506834
"443",1991,"Austria",70.1505881942249
"444",1991,"Belgium",121.38034868099
"445",1991,"Brazil",10.9747481554043
"446",1991,"Canada",47.668161007973
"447",1991,"Chile",47.3667637605443
"448",1991,"China",26.6675214520112
"449",1991,"Colombia",21.8633405511697
"450",1991,"Denmark",69.8182645210084
"451",1991,"Finland",53.5971025748456
"452",1991,"France",37.5865866496192
"453",1991,"Germany",47.2729712303212
"454",1991,"Greece",39.0292292609832
"455",1991,"Hong Kong",277.354233669994
"456",1991,"India",22.5699654394874
"457",1991,"Indonesia",39.9096350110232
"458",1991,"Ireland",139.698687511458
"459",1991,"Italy",33.5214512467253
"460",1991,"Japan",12.7688558688823
"461",1991,"Malaysia",144.14017380882
"462",1991,"Mexico",36.6841126454508
"463",1991,"Netherlands",107.765125628977
"464",1991,"New Zealand",44.7711197488782
"465",1991,"Norway",56.5118899491223
"466",1991,"Pakistan",19.6632661851156
"467",1991,"Peru",29.9640984172774
"468",1991,"Philippines",48.2588716669738
"469",1991,"Portugal",54.8169084614984
"470",1991,"Singapore",336.674493789749
"471",1991,"South Africa",38.1101036023581
"472",1991,"South Korea",56.2609122820281
"473",1991,"Spain",36.5571369307237
"474",1991,"Sweden",59.6210295883515
"475",1991,"Switzerland",85.9402049583839
"476",1991,"Thailand",87.6830595059508
"477",1991,"Turkiye",31.6015529460094
"478",1991,"United Kingdom",39.6387538456153
"479",1991,"United States",6.07502698996717
"480",1991,"Venezuela, RB",37.7502388097433
"481",1992,"Argentina",13.4008404825541
"482",1992,"Australia",24.5041945843607
"483",1992,"Austria",70.1883231480145
"484",1992,"Belgium",121.139629997405
"485",1992,"Brazil",10.9813728736819
"486",1992,"Canada",47.6614212987001
"487",1992,"Chile",47.1625996844481
"488",1992,"China",26.5034712559487
"489",1992,"Colombia",21.8742200709931
"490",1992,"Denmark",69.7948901825027
"491",1992,"Finland",53.6854989665541
"492",1992,"France",37.6164108452046
"493",1992,"Germany",47.4584383002108
"494",1992,"Greece",39.0580903894999
"495",1992,"Hong Kong",276.90761656965
"496",1992,"India",22.5968058255474
"497",1992,"Indonesia",39.293336646282
"498",1992,"Ireland",141.709690939098
"499",1992,"Italy",34.1885141037869
"500",1992,"Japan",12.4286765687696
"501",1992,"Malaysia",143.632778972794
"502",1992,"Mexico",35.7385099702335
"503",1992,"Netherlands",107.517037856643
"504",1992,"New Zealand",44.6682432486721
"505",1992,"Norway",56.3952673477739
"506",1992,"Pakistan",19.9141575399705
"507",1992,"Peru",30.3666853547176
"508",1992,"Philippines",47.6133393487818
"509",1992,"Portugal",53.6183547394083
"510",1992,"Singapore",335.989441961893
"511",1992,"South Africa",38.4715865740788
"512",1992,"South Korea",56.103586654995
"513",1992,"Spain",36.7397744251
"514",1992,"Sweden",59.788761716002
"515",1992,"Switzerland",85.9573507880526
"516",1992,"Thailand",87.3708488395409
"517",1992,"Turkiye",31.1233434938458
"518",1992,"United Kingdom",39.8845331946412
"519",1992,"United States",6.31839268502634
"520",1992,"Venezuela, RB",38.0457163424315
"521",1993,"Argentina",13.3894408238431
"522",1993,"Australia",24.9150139903754
"523",1993,"Austria",70.6482232047923
"524",1993,"Belgium",121.58049873389
"525",1993,"Brazil",11.325937358983
"526",1993,"Canada",48.2134933991875
"527",1993,"Chile",47.0334054507587
"528",1993,"China",26.226129654037
"529",1993,"Colombia",21.2055769027282
"530",1993,"Denmark",70.3230749070173
"531",1993,"Finland",54.2238853642623
"532",1993,"France",37.9802002032764
"533",1993,"Germany",48.0857541302024
"534",1993,"Greece",38.9851723247361
"535",1993,"Hong Kong",277.315674767581
"536",1993,"India",22.4472845102662
"537",1993,"Indonesia",40.2244329730159
"538",1993,"Ireland",142.341324772927
"539",1993,"Italy",34.3939397678868
"540",1993,"Japan",12.6133497324613
"541",1993,"Malaysia",143.347130356218
"542",1993,"Mexico",36.1252590867801
"543",1993,"Netherlands",107.938854922976
"544",1993,"New Zealand",44.6493392567888
"545",1993,"Norway",56.6811083031858
"546",1993,"Pakistan",20.0486896385256
"547",1993,"Peru",31.4082424464671
"548",1993,"Philippines",47.9319336554157
"549",1993,"Portugal",54.4240714648012
"550",1993,"Singapore",336.602730002803
"551",1993,"South Africa",38.8410602650397
"552",1993,"South Korea",55.4702128556705
"553",1993,"Spain",37.3208245653497
"554",1993,"Sweden",60.234193940335
"555",1993,"Switzerland",86.6857899011384
"556",1993,"Thailand",87.3583195697498
"557",1993,"Turkiye",31.3701745389814
"558",1993,"United Kingdom",40.0792048072616
"559",1993,"United States",6.39790328413893
"560",1993,"Venezuela, RB",38.1868518110499
"561",1994,"Argentina",15.7657157923814
"562",1994,"Australia",27.4091288967721
"563",1994,"Austria",73.2857251052769
"564",1994,"Belgium",124.348174806855
"565",1994,"Brazil",13.5411951671057
"566",1994,"Canada",50.8896217645683
"567",1994,"Chile",49.5523416664274
"568",1994,"China",28.5332617516378
"569",1994,"Colombia",23.9308354720623
"570",1994,"Denmark",72.9605746819479
"571",1994,"Finland",56.753737659823
"572",1994,"France",40.5450239967765
"573",1994,"Germany",51.1433101344202
"574",1994,"Greece",42.0402006433006
"575",1994,"Hong Kong",279.809461708328
"576",1994,"India",24.1727684046514
"577",1994,"Indonesia",43.1340450010282
"578",1994,"Ireland",145.256884913081
"579",1994,"Italy",37.4890157411903
"580",1994,"Japan",15.2556679418618
"581",1994,"Malaysia",145.722883618041
"582",1994,"Mexico",38.9890917728548
"583",1994,"Netherlands",111.478687022524
"584",1994,"New Zealand",46.7659694956959
"585",1994,"Norway",59.2231565232284
"586",1994,"Pakistan",22.6598137662502
"587",1994,"Peru",33.3725766041302
"588",1994,"Philippines",50.1820642458246
"589",1994,"Portugal",57.0646249470482
"590",1994,"Singapore",339.332312078795
"591",1994,"South Africa",40.2955715665724
"592",1994,"South Korea",57.8097480340902
"593",1994,"Spain",40.3163892271922
"594",1994,"Sweden",62.6167223064808
"595",1994,"Switzerland",89.2528645720997
"596",1994,"Thailand",89.9423013578545
"597",1994,"Turkiye",33.7044870200998
"598",1994,"United Kingdom",42.7251235628322
"599",1994,"United States",9.27360718889691
"600",1994,"Venezuela, RB",40.780187672612
"601",1995,"Argentina",19.3054839581848
"602",1995,"Australia",30.9748667974676
"603",1995,"Austria",77.2192848331777
"604",1995,"Belgium",128.412918879679
"605",1995,"Brazil",17.0882738477268
"606",1995,"Canada",54.9240242229172
"607",1995,"Chile",53.0793634760925
"608",1995,"China",32.113885906996
"609",1995,"Colombia",27.0417497098296
"610",1995,"Denmark",76.3712015087175
"611",1995,"Finland",60.0505327429195
"612",1995,"France",44.7810880758553
"613",1995,"Germany",55.4745969418415
"614",1995,"Greece",45.8615689615731
"615",1995,"Hong Kong",283.654271073986
"616",1995,"India",27.4626408563063
"617",1995,"Indonesia",46.6754580610912
"618",1995,"Ireland",149.158639001805
"619",1995,"Italy",41.7398049914328
"620",1995,"Japan",19.9066305292018
"621",1995,"Malaysia",149.139990780178
"622",1995,"Mexico",42.5872859294936
"623",1995,"Netherlands",115.503588473633
"624",1995,"New Zealand",50.3939826790372
"625",1995,"Norway",63.0317572329131
"626",1995,"Pakistan",26.1452167350342
"627",1995,"Peru",36.6804843086136
"628",1995,"Philippines",53.712403612254
"629",1995,"Portugal",60.5055669067695
"630",1995,"Singapore",343.038386324038
"631",1995,"South Africa",41.874308788005
"632",1995,"South Korea",61.5349810643916
"633",1995,"Spain",44.3056811391482
"634",1995,"Sweden",66.2565656222273
"635",1995,"Switzerland",93.1420880957779
"636",1995,"Thailand",93.3028761625211
"637",1995,"Turkiye",37.8980940598499
"638",1995,"United Kingdom",46.7017384517899
"639",1995,"United States",13.6183940171283
"640",1995,"Venezuela, RB",44.9904836734084
"641",1996,"Argentina",19.7057350074503
"642",1996,"Australia",31.3720267640412
"643",1996,"Austria",77.3389081596139
"644",1996,"Belgium",128.75167278802
"645",1996,"Brazil",17.129736310611
"646",1996,"Canada",55.4171309807728
"647",1996,"Chile",53.1658118273971
"648",1996,"China",32.0830401092596
"649",1996,"Colombia",28.1607880406464
"650",1996,"Denmark",77.0991636593647
"651",1996,"Finland",59.5882056503231
"652",1996,"France",44.4807669739827
"653",1996,"Germany",56.0306676870109
"654",1996,"Greece",46.4055812196837
"655",1996,"Hong Kong",284.266406180532
"656",1996,"India",26.5453900174733
"657",1996,"Indonesia",46.6601265963807
"658",1996,"Ireland",148.997373010984
"659",1996,"Italy",41.615187307333
"660",1996,"Japan",19.3877066976832
"661",1996,"Malaysia",148.182832605555
"662",1996,"Mexico",43.5086284601551
"663",1996,"Netherlands",115.980798492342
"664",1996,"New Zealand",50.569216974263
"665",1996,"Norway",63.2392267605992
"666",1996,"Pakistan",26.2778384494052
"667",1996,"Peru",35.7853792822352
"668",1996,"Philippines",54.7776955400984
"669",1996,"Portugal",60.9953706188171
"670",1996,"Singapore",343.13731708226
"671",1996,"South Africa",41.8319222078625
"672",1996,"South Korea",61.4910191987289
"673",1996,"Spain",44.5358737787849
"674",1996,"Sweden",66.6312623885768
"675",1996,"Switzerland",93.4873370216102
"676",1996,"Thailand",92.796538892143
"677",1996,"Turkiye",38.5025689073532
"678",1996,"United Kingdom",46.9662992765005
"679",1996,"United States",14.3060814771629
"680",1996,"Venezuela, RB",45.062070025151
"681",1997,"Argentina",21.3595484485932
"682",1997,"Australia",33.4509100607852
"683",1997,"Austria",79.7380577276918
"684",1997,"Belgium",131.50536098137
"685",1997,"Brazil",18.685728898183
"686",1997,"Canada",57.2968362164001
"687",1997,"Chile",55.1999683138078
"688",1997,"China",33.9630470619491
"689",1997,"Colombia",30.1167963067261
"690",1997,"Denmark",79.5019343429711
"691",1997,"Finland",62.0574236347622
"692",1997,"France",46.6796316081652
"693",1997,"Germany",58.1376852279488
"694",1997,"Greece",48.5854106169279
"695",1997,"Hong Kong",286.965959111859
"696",1997,"India",28.2118471278167
"697",1997,"Indonesia",48.6810309736759
"698",1997,"Ireland",151.402104737664
"699",1997,"Italy",43.4733557915188
"700",1997,"Japan",21.2702973773621
"701",1997,"Malaysia",150.32745596936
"702",1997,"Mexico",45.5269333442298
"703",1997,"Netherlands",118.39802499892
"704",1997,"New Zealand",52.8790392026075
"705",1997,"Norway",65.6311675088975
"706",1997,"Pakistan",28.1157740199645
"707",1997,"Peru",37.2453770959503
"708",1997,"Philippines",56.0278643798246
"709",1997,"Portugal",63.2686921352789
"710",1997,"Singapore",345.403898897138
"711",1997,"South Africa",44.0212022919631
"712",1997,"South Korea",63.7208631333541
"713",1997,"Spain",46.9321034528886
"714",1997,"Sweden",68.9232725369378
"715",1997,"Switzerland",95.9398866383941
"716",1997,"Thailand",94.6052983891695
"717",1997,"Turkiye",40.3349112042818
"718",1997,"United Kingdom",49.5564677144663
"719",1997,"United States",16.3324508783726
"720",1997,"Venezuela, RB",47.3338662308644
"721",1998,"Argentina",23.1831226256393
"722",1998,"Australia",34.9249179411077
"723",1998,"Austria",81.4779714922928
"724",1998,"Belgium",133.574393366667
"725",1998,"Brazil",20.4820881880894
"726",1998,"Canada",58.711876944693
"727",1998,"Chile",56.8597856415903
"728",1998,"China",33.6904544227902
"729",1998,"Colombia",32.6205167827637
"730",1998,"Denmark",81.0656235650521
"731",1998,"Finland",63.7271640539276
"732",1998,"France",49.2560867256814
"733",1998,"Germany",59.7756105943981
"734",1998,"Greece",50.5841049779076
"735",1998,"Hong Kong",288.594492643091
"736",1998,"India",29.5535499238607
"737",1998,"Indonesia",50.8696528178735
"738",1998,"Ireland",153.302135958014
"739",1998,"Italy",45.273018473319
"740",1998,"Japan",22.1419388002438
"741",1998,"Malaysia",152.200168258471
"742",1998,"Mexico",47.4050083147343
"743",1998,"Netherlands",120.144774127865
"744",1998,"New Zealand",54.3149563601176
"745",1998,"Norway",67.6241505128432
"746",1998,"Pakistan",29.3106730145
"747",1998,"Peru",39.0744581635866
"748",1998,"Philippines",57.6432191551801
"749",1998,"Portugal",64.8967595214413
"750",1998,"Singapore",347.15092236471
"751",1998,"South Africa",45.6059016468035
"752",1998,"South Korea",65.5910778810165
"753",1998,"Spain",48.2493365348482
"754",1998,"Sweden",70.2432127624849
"755",1998,"Switzerland",97.606332959478
"756",1998,"Thailand",96.397510558466
"757",1998,"Turkiye",41.9084059744684
"758",1998,"United Kingdom",51.1204230722587
"759",1998,"United States",17.7634170339952
"760",1998,"Venezuela, RB",48.9575949795147
"761",1999,"Argentina",23.2078134872053
"762",1999,"Australia",35.2496087522803
"763",1999,"Austria",81.8797816778342
"764",1999,"Belgium",133.901652940343
"765",1999,"Brazil",20.672316263018
"766",1999,"Canada",59.1997082254871
"767",1999,"Chile",57.073268570414
"768",1999,"China",33.3988214079579
"769",1999,"Colombia",31.7753881916545
"770",1999,"Denmark",81.5817287856749
"771",1999,"Finland",64.2238878743084
"772",1999,"France",49.7800822266667
"773",1999,"Germany",60.1549610400511
"774",1999,"Greece",50.7591806023998
"775",1999,"Hong Kong",288.795275074209
"776",1999,"India",29.5668307733402
"777",1999,"Indonesia",49.9315691286654
"778",1999,"Ireland",153.757030004648
"779",1999,"Italy",44.8900174073077
"780",1999,"Japan",22.4525117067997
"781",1999,"Malaysia",152.737753796473
"782",1999,"Mexico",47.020698729965
"783",1999,"Netherlands",120.055431429752
"784",1999,"New Zealand",54.0087081187114
"785",1999,"Norway",67.8171848901038
"786",1999,"Pakistan",29.7744062901895
"787",1999,"Peru",39.4550858222602
"788",1999,"Philippines",56.6777820392418
"789",1999,"Portugal",64.9637191748079
"790",1999,"Singapore",347.281493203998
"791",1999,"South Africa",45.5234971718181
"792",1999,"South Korea",65.2158437065586
"793",1999,"Spain",48.5616916715297
"794",1999,"Sweden",70.6885304013586
"795",1999,"Switzerland",97.5240704251366
"796",1999,"Thailand",96.7724127639929
"797",1999,"Turkiye",42.0972673723589
"798",1999,"United Kingdom",51.3162400929413
"799",1999,"United States",18.4985174118163
"800",1999,"Venezuela, RB",49.2968413027026
"801",2000,"Argentina",29.7459097070092
"802",2000,"Australia",41.817803855304
"803",2000,"Austria",88.5534021093525
"804",2000,"Belgium",140.477215779271
"805",2000,"Brazil",27.9545222898749
"806",2000,"Canada",66.1121800844889
"807",2000,"Chile",63.5305867520537
"808",2000,"China",40.0288661481098
"809",2000,"Colombia",38.9670154794532
"810",2000,"Denmark",88.0781446905837
"811",2000,"Finland",71.0141405772531
"812",2000,"France",56.4240691289658
"813",2000,"Germany",66.786868029027
"814",2000,"Greece",57.2240922036201
"815",2000,"Hong Kong",295.706953442943
"816",2000,"India",35.8683824948126
"817",2000,"Indonesia",56.5264083262848
"818",2000,"Ireland",160.646350718788
"819",2000,"Italy",51.2938423830288
"820",2000,"Japan",29.3943054592292
"821",2000,"Malaysia",159.040040197918
"822",2000,"Mexico",53.4472496819719
"823",2000,"Netherlands",126.891586692672
"824",2000,"New Zealand",60.6160533749349
"825",2000,"Norway",74.3606294523142
"826",2000,"Pakistan",36.2681360362806
"827",2000,"Peru",45.4016527944829
"828",2000,"Philippines",63.166734000654
"829",2000,"Portugal",71.5322887331468
"830",2000,"Singapore",354.114516063491
"831",2000,"South Africa",52.629779089069
"832",2000,"South Korea",71.7221840784369
"833",2000,"Spain",54.9142911309308
"834",2000,"Sweden",77.4842638147311
"835",2000,"Switzerland",104.702828431179
"836",2000,"Thailand",103.33371356185
"837",2000,"Turkiye",48.3868981537916
"838",2000,"United Kingdom",57.9657721927177
"839",2000,"United States",26.9195740611975
"840",2000,"Venezuela, RB",56.474711681493
"841",2001,"Argentina",27.7236687080655
"842",2001,"Australia",40.6034047377696
"843",2001,"Austria",87.2805839693215
"844",2001,"Belgium",139.076260661774
"845",2001,"Brazil",26.1474711981541
"846",2001,"Canada",65.0304310635131
"847",2001,"Chile",61.9666329936413
"848",2001,"China",37.9355180598247
"849",2001,"Colombia",37.9933026460705
"850",2001,"Denmark",86.4554019726132
"851",2001,"Finland",69.6545635896254
"852",2001,"France",54.765075422304
"853",2001,"Germany",65.1663042117468
"854",2001,"Greece",54.787777525257
"855",2001,"Hong Kong",294.027851930367
"856",2001,"India",34.1709781139244
"857",2001,"Indonesia",55.0985511442081
"858",2001,"Ireland",159.028129487253
"859",2001,"Italy",49.7419354703705
"860",2001,"Japan",27.7782001056178
"861",2001,"Malaysia",157.481558628876
"862",2001,"Mexico",51.3557079470703
"863",2001,"Netherlands",125.496502271001
"864",2001,"New Zealand",59.2065277760245
"865",2001,"Norway",72.6406446755898
"866",2001,"Pakistan",34.5743455132528
"867",2001,"Peru",43.3903318504571
"868",2001,"Philippines",61.8380198492831
"869",2001,"Portugal",69.655333332343
"870",2001,"Singapore",352.359204623763
"871",2001,"South Africa",50.9904495029425
"872",2001,"South Korea",70.0426240745855
"873",2001,"Spain",53.5134576434114
"874",2001,"Sweden",76.2191681973952
"875",2001,"Switzerland",103.137281770089
"876",2001,"Thailand",101.429454967019
"877",2001,"Turkiye",47.3418536612857
"878",2001,"United Kingdom",56.6666560247727
"879",2001,"United States",25.0509107309635
"880",2001,"Venezuela, RB",55.2453916954051
"881",2002,"Argentina",27.3484493398857
"882",2002,"Australia",39.6281975278594
"883",2002,"Austria",87.7338595023003
"884",2002,"Belgium",138.236195439691
"885",2002,"Brazil",25.1136015931823
"886",2002,"Canada",64.3533269177877
"887",2002,"Chile",60.8320999137109
"888",2002,"China",36.5929858466299
"889",2002,"Colombia",37.9947534518575
"890",2002,"Denmark",86.29689193991
"891",2002,"Finland",68.4587776863447
"892",2002,"France",53.6658225020877
"893",2002,"Germany",65.4033363678519
"894",2002,"Greece",53.6095561267324
"895",2002,"Hong Kong",292.777536599715
"896",2002,"India",32.8480372456066
"897",2002,"Indonesia",53.920076799985
"898",2002,"Ireland",157.626079927697
"899",2002,"Italy",49.3005163061957
"900",2002,"Japan",26.3534074248343
"901",2002,"Malaysia",155.617080899568
"902",2002,"Mexico",49.9818677355148
"903",2002,"Netherlands",124.779539439009
"904",2002,"New Zealand",58.212356436736
"905",2002,"Norway",71.7905784132234
"906",2002,"Pakistan",33.3572730688456
"907",2002,"Peru",41.8616593022133
"908",2002,"Philippines",61.4383136279587
"909",2002,"Portugal",68.8405049450941
"910",2002,"Singapore",351.424787437414
"911",2002,"South Africa",50.0832270797224
"912",2002,"South Korea",68.8566611090613
"913",2002,"Spain",52.3198749898619
"914",2002,"Sweden",75.2494167166986
"915",2002,"Switzerland",102.311873521063
"916",2002,"Thailand",100.253976029865
"917",2002,"Turkiye",46.8656574765707
"918",2002,"United Kingdom",56.3422259393402
"919",2002,"United States",23.9707806720042
"920",2002,"Venezuela, RB",54.7301998223559
"921",2003,"Argentina",28.0086647708546
"922",2003,"Australia",40.496960203081
"923",2003,"Austria",87.4265014152424
"924",2003,"Belgium",138.755847607852
"925",2003,"Brazil",25.9882117351565
"926",2003,"Canada",65.4065634639161
"927",2003,"Chile",62.1544680953909
"928",2003,"China",37.4829951219565
"929",2003,"Colombia",38.9356961568832
"930",2003,"Denmark",85.879382671079
"931",2003,"Finland",69.2773797974156
"932",2003,"France",54.2635776447092
"933",2003,"Germany",64.9627027188247
"934",2003,"Greece",53.9435440603997
"935",2003,"Hong Kong",293.453369883691
"936",2003,"India",32.5600829939216
"937",2003,"Indonesia",54.6288067842383
"938",2003,"Ireland",158.498930631213
"939",2003,"Italy",49.4157535485249
"940",2003,"Japan",27.2406102292748
"941",2003,"Malaysia",156.457177464396
"942",2003,"Mexico",50.59711895102
"943",2003,"Netherlands",125.34922110824
"944",2003,"New Zealand",59.0809099651886
"945",2003,"Norway",72.8841032704205
"946",2003,"Pakistan",34.0829123753309
"947",2003,"Peru",42.6636555574236
"948",2003,"Philippines",61.872761811525
"949",2003,"Portugal",69.4692911539859
"950",2003,"Singapore",351.952291005844
"951",2003,"South Africa",50.6874295341426
"952",2003,"South Korea",69.8505089619123
"953",2003,"Spain",52.5730737511499
"954",2003,"Sweden",75.9148115378928
"955",2003,"Switzerland",103.000151492463
"956",2003,"Thailand",100.954357213592
"957",2003,"Turkiye",48.038422275001
"958",2003,"United Kingdom",56.1185342029334
"959",2003,"United States",25.7058176404431
"960",2003,"Venezuela, RB",55.9187231330835
"961",2004,"Argentina",31.9264196207069
"962",2004,"Australia",45.0509306359734
"963",2004,"Austria",91.739021007685
"964",2004,"Belgium",143.628979025663
"965",2004,"Brazil",30.1171046277101
"966",2004,"Canada",70.2189014955618
"967",2004,"Chile",65.6413586922298
"968",2004,"China",41.8191484709828
"969",2004,"Colombia",42.9850543562166
"970",2004,"Denmark",90.6374266937927
"971",2004,"Finland",73.9162768648886
"972",2004,"France",58.1407649456596
"973",2004,"Germany",69.9743723654013
"974",2004,"Greece",58.1895352599881
"975",2004,"Hong Kong",298.150812306681
"976",2004,"India",36.1252514438641
"977",2004,"Indonesia",58.8122913884172
"978",2004,"Ireland",163.143284681299
"979",2004,"Italy",54.0574723712205
"980",2004,"Japan",32.1160848613175
"981",2004,"Malaysia",160.469780672127
"982",2004,"Mexico",54.9916244690838
"983",2004,"Netherlands",130.069635590088
"984",2004,"New Zealand",63.6131280318289
"985",2004,"Norway",77.2628139873043
"986",2004,"Pakistan",38.3136087699671
"987",2004,"Peru",46.5423629634882
"988",2004,"Philippines",66.1288189195778
"989",2004,"Portugal",72.9286596721633
"990",2004,"Singapore",356.95481168157
"991",2004,"South Africa",54.6746694399624
"992",2004,"South Korea",74.572359614396
"993",2004,"Spain",57.45466598309
"994",2004,"Sweden",81.1663182295808
"995",2004,"Switzerland",107.857398879113
"996",2004,"Thailand",105.246967940462
"997",2004,"Turkiye",52.0924341671347
"998",2004,"United Kingdom",60.9012739310037
"999",2004,"United States",31.4954866438664
"1000",2004,"Venezuela, RB",61.3103631050772
"1001",2005,"Argentina",34.5887327787186
"1002",2005,"Australia",48.1178546730111
"1003",2005,"Austria",94.8241877034107
"1004",2005,"Belgium",146.988521380401
"1005",2005,"Brazil",32.9815471797817
"1006",2005,"Canada",73.4963219787605
"1007",2005,"Chile",68.5987094976064
"1008",2005,"China",45.2942052506001
"1009",2005,"Colombia",45.8017583271595
"1010",2005,"Denmark",93.6242103855437
"1011",2005,"Finland",76.9908950615501
"1012",2005,"France",61.59549677215
"1013",2005,"Germany",73.216757967935
"1014",2005,"Greece",61.4767121974964
"1015",2005,"Hong Kong",301.134016405369
"1016",2005,"India",38.3669837908246
"1017",2005,"Indonesia",62.4300018292073
"1018",2005,"Ireland",166.053153050947
"1019",2005,"Italy",57.354908763806
"1020",2005,"Japan",35.1802735726273
"1021",2005,"Malaysia",163.554176702798
"1022",2005,"Mexico",58.1667575659788
"1023",2005,"Netherlands",133.214578191204
"1024",2005,"New Zealand",66.7462244899852
"1025",2005,"Norway",80.7034254702482
"1026",2005,"Pakistan",41.0228315086414
"1027",2005,"Peru",49.129904716967
"1028",2005,"Philippines",69.0897244588225
"1029",2005,"Portugal",76.0629504423871
"1030",2005,"Singapore",360.680476668276
"1031",2005,"South Africa",57.4938468598042
"1032",2005,"South Korea",77.8122970937306
"1033",2005,"Spain",60.5952813184658
"1034",2005,"Sweden",84.2135095421061
"1035",2005,"Switzerland",110.678842901629
"1036",2005,"Thailand",108.170639277947
"1037",2005,"Turkiye",53.4003346990177
"1038",2005,"United Kingdom",64.0461924474607
"1039",2005,"United States",35.1654810016436
"1040",2005,"Venezuela, RB",64.0549462237773
"1041",2006,"Argentina",36.9766527884278
"1042",2006,"Australia",50.9416793732454
"1043",2006,"Austria",97.7057253011739
"1044",2006,"Belgium",149.747652848398
"1045",2006,"Brazil",35.1989324412847
"1046",2006,"Canada",76.5245371005375
"1047",2006,"Chile",70.805966526517
"1048",2006,"China",48.4584224130221
"1049",2006,"Colombia",47.4326611606616
"1050",2006,"Denmark",96.2933450804999
"1051",2006,"Finland",79.1226492336633
"1052",2006,"France",64.4874657058758
"1053",2006,"Germany",76.2087150182456
"1054",2006,"Greece",63.9022142892147
"1055",2006,"Hong Kong",304.025864329106
"1056",2006,"India",40.6042933981822
"1057",2006,"Indonesia",64.8308975668534
"1058",2006,"Ireland",168.986415346861
"1059",2006,"Italy",60.2603480983972
"1060",2006,"Japan",37.3787828069493
"1061",2006,"Malaysia",166.12437039733
"1062",2006,"Mexico",61.1870206810137
"1063",2006,"Netherlands",136.124579637078
"1064",2006,"New Zealand",69.5250249427821
"1065",2006,"Norway",83.4441562572363
"1066",2006,"Pakistan",43.2128839093556
"1067",2006,"Peru",51.7577857923724
"1068",2006,"Philippines",71.7578890923531
"1069",2006,"Portugal",78.6967341200545
"1070",2006,"Singapore",362.773530230861
"1071",2006,"South Africa",60.1851095450326
"1072",2006,"South Korea",80.8684165261079
"1073",2006,"Spain",63.3770671694616
"1074",2006,"Sweden",87.137385889031
"1075",2006,"Switzerland",113.779905601924
"1076",2006,"Thailand",110.64033649278
"1077",2006,"Turkiye",56.0045480854318
"1078",2006,"United Kingdom",67.0652540797639
"1079",2006,"United States",38.0588662639707
"1080",2006,"Venezuela, RB",66.6441675781902
"1081",2007,"Argentina",36.0595338264428
"1082",2007,"Australia",50.6103425620352
"1083",2007,"Austria",97.4719459269986
"1084",2007,"Belgium",149.504288625022
"1085",2007,"Brazil",34.1707735302479
"1086",2007,"Canada",76.2026454820145
"1087",2007,"Chile",70.2371356528259
"1088",2007,"China",48.0856413197991
"1089",2007,"Colombia",46.3486544996255
"1090",2007,"Denmark",95.9732904089953
"1091",2007,"Finland",78.7149998914627
"1092",2007,"France",63.8527919244635
"1093",2007,"Germany",76.10532397813
"1094",2007,"Greece",63.4677592033218
"1095",2007,"Hong Kong",304.160309745369
"1096",2007,"India",40.2533666275605
"1097",2007,"Indonesia",64.722588368247
"1098",2007,"Ireland",168.807908093894
"1099",2007,"Italy",59.4495454757086
"1100",2007,"Japan",37.2592678880353
"1101",2007,"Malaysia",166.486072882162
"1102",2007,"Mexico",61.4841704570277
"1103",2007,"Netherlands",135.889172348472
"1104",2007,"New Zealand",68.8891014341099
"1105",2007,"Norway",83.1758120260953
"1106",2007,"Pakistan",43.0059715431456
"1107",2007,"Peru",51.7591930446578
"1108",2007,"Philippines",71.4950443429545
"1109",2007,"Portugal",78.2355098841531
"1110",2007,"Singapore",362.479642197081
"1111",2007,"South Africa",59.4967725552883
"1112",2007,"South Korea",80.1122161058289
"1113",2007,"Spain",62.7809672234554
"1114",2007,"Sweden",86.8928330724217
"1115",2007,"Switzerland",113.591091323987
"1116",2007,"Thailand",110.089700819821
"1117",2007,"Turkiye",55.0528465147232
"1118",2007,"United Kingdom",66.857099179416
"1119",2007,"United States",38.6482834586261
"1120",2007,"Venezuela, RB",65.8509058953786
"1121",2008,"Argentina",39.7582483535002
"1122",2008,"Australia",54.5488678911887
"1123",2008,"Austria",101.108248185832
"1124",2008,"Belgium",153.511641773192
"1125",2008,"Brazil",37.7049687190953
"1126",2008,"Canada",80.1258817781435
"1127",2008,"Chile",73.9016055636178
"1128",2008,"China",52.307320203928
"1129",2008,"Colombia",49.9113561554394
"1130",2008,"Denmark",99.8151196250488
"1131",2008,"Finland",82.6171844438512
"1132",2008,"France",68.0915913941773
"1133",2008,"Germany",80.5713888650305
"1134",2008,"Greece",66.9020538820954
"1135",2008,"Hong Kong",308.22470078716
"1136",2008,"India",43.2395279890254
"1137",2008,"Indonesia",67.9294120160991
"1138",2008,"Ireland",172.432677042761
"1139",2008,"Italy",63.5805668288447
"1140",2008,"Japan",41.818182770402
"1141",2008,"Malaysia",170.192605493825
"1142",2008,"Mexico",64.6729995706407
"1143",2008,"Netherlands",140.054945924027
"1144",2008,"New Zealand",72.6173442624013
"1145",2008,"Norway",86.9137374466714
"1146",2008,"Pakistan",45.8014306976624
"1147",2008,"Peru",54.5156554375479
"1148",2008,"Philippines",75.2104802942775
"1149",2008,"Portugal",81.9652125015284
"1150",2008,"Singapore",366.526378353624
"1151",2008,"South Africa",62.5522875459662
"1152",2008,"South Korea",83.7778526249708
"1153",2008,"Spain",66.5998280106518
"1154",2008,"Sweden",90.8276393483603
"1155",2008,"Switzerland",117.500170128987
"1156",2008,"Thailand",113.57208354334
"1157",2008,"Turkiye",58.2730942614909
"1158",2008,"United Kingdom",71.1664278427475
"1159",2008,"United States",43.559282067098
"1160",2008,"Venezuela, RB",69.6125625836838
"1161",2009,"Argentina",28.8229523585413
"1162",2009,"Australia",43.5293879832569
"1163",2009,"Austria",89.9032317867383
"1164",2009,"Belgium",142.012951528246
"1165",2009,"Brazil",26.3946204765816
"1166",2009,"Canada",68.6217241398953
"1167",2009,"Chile",63.4815301592778
"1168",2009,"China",39.7220366432139
"1169",2009,"Colombia",39.276057843558
"1170",2009,"Denmark",88.9304662091269
"1171",2009,"Finland",71.7026170303034
"1172",2009,"France",56.2819603514469
"1173",2009,"Germany",68.0802812770047
"1174",2009,"Greece",56.238797769066
"1175",2009,"Hong Kong",297.020205993899
"1176",2009,"India",30.7950602387905
"1177",2009,"Indonesia",56.9276123410857
"1178",2009,"Ireland",160.184216103732
"1179",2009,"Italy",52.3821391273042
"1180",2009,"Japan",30.1093993287907
"1181",2009,"Malaysia",158.219183972877
"1182",2009,"Mexico",53.5569383132553
"1183",2009,"Netherlands",128.365633701107
"1184",2009,"New Zealand",61.6851293916624
"1185",2009,"Norway",75.9481463024
"1186",2009,"Pakistan",34.3785719796431
"1187",2009,"Peru",44.0169697713237
"1188",2009,"Philippines",64.2683863783034
"1189",2009,"Portugal",70.7703988678069
"1190",2009,"Singapore",355.254912754584
"1191",2009,"South Africa",51.8708769825865
"1192",2009,"South Korea",72.5586537661688
"1193",2009,"Spain",55.3084127969841
"1194",2009,"Sweden",79.7246951929135
"1195",2009,"Switzerland",106.47031323422
"1196",2009,"Thailand",102.266570924872
"1197",2009,"Turkiye",47.185286551093
"1198",2009,"United Kingdom",59.538413953329
"1199",2009,"United States",30.2874922792595
"1200",2009,"Venezuela, RB",57.6812585000905
"1201",2010,"Argentina",34.8360406928933
"1202",2010,"Australia",49.0398196302636
"1203",2010,"Austria",95.8647802751278
"1204",2010,"Belgium",148.164194942718
"1205",2010,"Brazil",32.2838341500268
"1206",2010,"Canada",74.8477913798419
"1207",2010,"Chile",68.7305807242204
"1208",2010,"China",46.4644787269947
"1209",2010,"Colombia",45.1691893707929
"1210",2010,"Denmark",94.8014856219158
"1211",2010,"Finland",77.3949965980593
"1212",2010,"France",62.5654948443486
"1213",2010,"Germany",74.8884721162381
"1214",2010,"Greece",61.8797835020463
"1215",2010,"Hong Kong",303.391016954814
"1216",2010,"India",36.2455473728873
"1217",2010,"Indonesia",60.5858563006554
"1218",2010,"Ireland",165.852553776019
"1219",2010,"Italy",58.2650000001287
"1220",2010,"Japan",36.3930568082282
"1221",2010,"Malaysia",164.381121728215
"1222",2010,"Mexico",59.8111407117994
"1223",2010,"Netherlands",134.508893457092
"1224",2010,"New Zealand",67.5609313976383
"1225",2010,"Norway",81.9076299823827
"1226",2010,"Pakistan",39.9575238626369
"1227",2010,"Peru",49.8551200547286
"1228",2010,"Philippines",69.9412106410005
"1229",2010,"Portugal",76.285596509558
"1230",2010,"Singapore",361.45106431445
"1231",2010,"South Africa",57.4630423578037
"1232",2010,"South Korea",78.4439605430942
"1233",2010,"Spain",61.1051304867172
"1234",2010,"Sweden",85.5350430006437
"1235",2010,"Switzerland",112.373056632621
"1236",2010,"Thailand",108.583192307851
"1237",2010,"Turkiye",52.8914182254439
"1238",2010,"United Kingdom",65.9236379145008
"1239",2010,"United States",38.2929342406119
"1240",2010,"Venezuela, RB",63.9866920036043
"1241",2011,"Argentina",38.9288196400174
"1242",2011,"Australia",53.3532255305454
"1243",2011,"Austria",99.9854889689048
"1244",2011,"Belgium",152.749172704941
"1245",2011,"Brazil",36.2843074749377
"1246",2011,"Canada",79.401254013581
"1247",2011,"Chile",72.6509482785649
"1248",2011,"China",51.3383641703835
"1249",2011,"Colombia",49.5816227456802
"1250",2011,"Denmark",99.180374878247
"1251",2011,"Finland",81.404031504427
"1252",2011,"France",67.0171830597158
"1253",2011,"Germany",80.0633535491837
"1254",2011,"Greece",65.8699887204614
"1255",2011,"Hong Kong",308.041951037963
"1256",2011,"India",40.2245007156962
"1257",2011,"Indonesia",64.772221606517
"1258",2011,"Ireland",170.008442044543
"1259",2011,"Italy",62.8663469120625
"1260",2011,"Japan",41.0646586553813
"1261",2011,"Malaysia",168.792037070923
"1262",2011,"Mexico",64.1154259371887
"1263",2011,"Netherlands",138.996391713363
"1264",2011,"New Zealand",71.7469882284253
"1265",2011,"Norway",86.2910495747359
"1266",2011,"Pakistan",44.2504962470441
"1267",2011,"Peru",53.6343083076163
"1268",2011,"Philippines",74.4035712575761
"1269",2011,"Portugal",80.2539561618032
"1270",2011,"Singapore",365.881573528562
"1271",2011,"South Africa",61.329827711113
"1272",2011,"South Korea",82.9972379084992
"1273",2011,"Spain",65.3257332272466
"1274",2011,"Sweden",89.5713862097337
"1275",2011,"Switzerland",116.874715512904
"1276",2011,"Thailand",112.146411870082
"1277",2011,"Turkiye",56.6356159685779
"1278",2011,"United Kingdom",70.4462497622805
"1279",2011,"United States",44.1992430641482
"1280",2011,"Venezuela, RB",68.577198506631
"1281",2012,"Argentina",38.9793755561098
"1282",2012,"Australia",53.5124291655015
"1283",2012,"Austria",99.8971505082974
"1284",2012,"Belgium",152.763709582267
"1285",2012,"Brazil",36.342139568728
"1286",2012,"Canada",79.5239954072914
"1287",2012,"Chile",72.7722442361856
"1288",2012,"China",50.927641386681
"1289",2012,"Colombia",49.4059582574561
"1290",2012,"Denmark",99.3692126295239
"1291",2012,"Finland",81.3912888434996
"1292",2012,"France",66.7759547466264
"1293",2012,"Germany",79.9354192565603
"1294",2012,"Greece",65.7121634101214
"1295",2012,"Hong Kong",308.23331590566
"1296",2012,"India",39.8999827832126
"1297",2012,"Indonesia",64.8703411838562
"1298",2012,"Ireland",169.924698115196
"1299",2012,"Italy",62.4953530951932
"1300",2012,"Japan",40.9171758144922
"1301",2012,"Malaysia",168.758600012642
"1302",2012,"Mexico",64.1565940664695
"1303",2012,"Netherlands",138.787171963729
"1304",2012,"New Zealand",71.8287206581951
"1305",2012,"Norway",86.3574739071429
"1306",2012,"Pakistan",43.9614638030685
"1307",2012,"Peru",53.6028875149315
"1308",2012,"Philippines",74.3394109341253
"1309",2012,"Portugal",80.4275289098165
"1310",2012,"Singapore",365.92549140009
"1311",2012,"South Africa",61.1357572898803
"1312",2012,"South Korea",83.0050046476187
"1313",2012,"Spain",65.3766350253249
"1314",2012,"Sweden",89.7007801652359
"1315",2012,"Switzerland",116.45223716535
"1316",2012,"Thailand",111.019240009629
"1317",2012,"Turkiye",56.718202092473
"1318",2012,"United Kingdom",70.4181285428609
"1319",2012,"United States",44.4527324304306
"1320",2012,"Venezuela, RB",68.4812339296662
"1321",2013,"Argentina",38.2106189467603
"1322",2013,"Australia",52.9385744417963
"1323",2013,"Austria",99.5054894049961
"1324",2013,"Belgium",152.024660099926
"1325",2013,"Brazil",35.6517965958428
"1326",2013,"Canada",79.0810956651029
"1327",2013,"Chile",72.2143456303427
"1328",2013,"China",49.8182282472696
"1329",2013,"Colombia",48.4264146197832
"1330",2013,"Denmark",99.0871791062798
"1331",2013,"Finland",80.8292318616601
"1332",2013,"France",66.2650361457821
"1333",2013,"Germany",79.5016835875126
"1334",2013,"Greece",64.8818946260293
"1335",2013,"Hong Kong",307.808881156623
"1336",2013,"India",39.266631336332
"1337",2013,"Indonesia",64.1739405252327
"1338",2013,"Ireland",169.534229925336
"1339",2013,"Italy",61.9371393842748
"1340",2013,"Japan",40.1945300357378
"1341",2013,"Malaysia",168.370475346604
"1342",2013,"Mexico",63.4850779842561
"1343",2013,"Netherlands",138.062940532896
"1344",2013,"New Zealand",71.510724534216
"1345",2013,"Norway",86.0012782622442
"1346",2013,"Pakistan",43.7318060828874
"1347",2013,"Peru",53.180701381
"1348",2013,"Philippines",73.8025415327494
"1349",2013,"Portugal",80.1415497497444
"1350",2013,"Singapore",365.804045557916
"1351",2013,"South Africa",60.3009521634732
"1352",2013,"South Korea",82.5497174084123
"1353",2013,"Spain",64.6274442946782
"1354",2013,"Sweden",89.0835699320649
"1355",2013,"Switzerland",116.141868267908
"1356",2013,"Thailand",110.43743138653
"1357",2013,"Turkiye",56.4410472981446
"1358",2013,"United Kingdom",69.9763103972887
"1359",2013,"United States",43.8841663705893
"1360",2013,"Venezuela, RB",67.8724273557202
"1361",2014,"Argentina",37.2938858582641
"1362",2014,"Australia",52.3265237732441
"1363",2014,"Austria",98.5789792120271
"1364",2014,"Belgium",151.056888876221
"1365",2014,"Brazil",34.0744733670604
"1366",2014,"Canada",78.1252438463064
"1367",2014,"Chile",71.1106599620041
"1368",2014,"China",48.6169633087975
"1369",2014,"Colombia",47.4059465407874
"1370",2014,"Denmark",98.190108680425
"1371",2014,"Finland",79.6712973082705
"1372",2014,"France",65.202074476735
"1373",2014,"Germany",78.6138310921522
"1374",2014,"Greece",63.8693437863689
"1375",2014,"Hong Kong",306.689614194388
"1376",2014,"India",38.1063833989153
"1377",2014,"Indonesia",62.6415768880531
"1378",2014,"Ireland",168.537382965486
"1379",2014,"Italy",61.1607986497634
"1380",2014,"Japan",38.7548982470636
"1381",2014,"Malaysia",167.086409162766
"1382",2014,"Mexico",62.5028619606401
"1383",2014,"Netherlands",137.134900245311
"1384",2014,"New Zealand",70.4563635362499
"1385",2014,"Norway",85.1180591897197
"1386",2014,"Pakistan",42.9698763953266
"1387",2014,"Peru",52.209778370898
"1388",2014,"Philippines",73.0857522071921
"1389",2014,"Portugal",79.1885414324339
"1390",2014,"Singapore",365.429775954016
"1391",2014,"South Africa",59.2677189824448
"1392",2014,"South Korea",81.3976292345666
"1393",2014,"Spain",63.4729301754263
"1394",2014,"Sweden",87.7019988553561
"1395",2014,"Switzerland",115.157568928253
"1396",2014,"Thailand",109.06788314158
"1397",2014,"Turkiye",55.4237314166208
"1398",2014,"United Kingdom",69.0162044832162
"1399",2014,"United States",43.0523403682035
"1400",2014,"Venezuela, RB",67.1947192160151
"1401",2015,"Argentina",35.0778869726806
"1402",2015,"Australia",49.9652923390208
"1403",2015,"Austria",96.4774529219249
"1404",2015,"Belgium",148.934521993321
"1405",2015,"Brazil",32.070707248511
"1406",2015,"Canada",75.6333974437423
"1407",2015,"Chile",68.8804443858868
"1408",2015,"China",45.3125104914507
"1409",2015,"Colombia",45.3276305380288
"1410",2015,"Denmark",96.0226442670165
"1411",2015,"Finland",77.498796522825
"1412",2015,"France",62.7489363999096
"1413",2015,"Germany",75.707734386705
"1414",2015,"Greece",61.8408367612064
"1415",2015,"Hong Kong",304.046215188601
"1416",2015,"India",35.6769820723024
"1417",2015,"Indonesia",60.5378465268993
"1418",2015,"Ireland",166.3147010938
"1419",2015,"Italy",58.8205290826255
"1420",2015,"Japan",35.800786206007
"1421",2015,"Malaysia",165.045462128738
"1422",2015,"Mexico",59.3259086814609
"1423",2015,"Netherlands",134.627411031666
"1424",2015,"New Zealand",68.4332135716535
"1425",2015,"Norway",83.0360682181493
"1426",2015,"Pakistan",40.8228908216329
"1427",2015,"Peru",50.1139466426809
"1428",2015,"Philippines",70.9343168441223
"1429",2015,"Portugal",76.9237482399639
"1430",2015,"Singapore",363.047824374942
"1431",2015,"South Africa",57.1075861653553
"1432",2015,"South Korea",78.2939342505222
"1433",2015,"Spain",61.1673145910142
"1434",2015,"Sweden",85.5986496984128
"1435",2015,"Switzerland",112.996913143482
"1436",2015,"Thailand",107.846377241982
"1437",2015,"Turkiye",53.349757303938
"1438",2015,"United Kingdom",66.5095065785443
"1439",2015,"United States",39.5298996587354
"1440",2015,"Venezuela, RB",65.1108333822927
"1441",2016,"Argentina",33.2404454463483
"1442",2016,"Australia",47.9236771599284
"1443",2016,"Austria",94.6189040158509
"1444",2016,"Belgium",147.126821292466
"1445",2016,"Brazil",30.297228383648
"1446",2016,"Canada",73.7157444956741
"1447",2016,"Chile",66.9127515006726
"1448",2016,"China",42.9132558348266
"1449",2016,"Colombia",43.5475067681332
"1450",2016,"Denmark",94.2275454450185
"1451",2016,"Finland",75.6323252951811
"1452",2016,"France",60.806331249446
"1453",2016,"Germany",73.7112035085502
"1454",2016,"Greece",59.7422045020504
"1455",2016,"Hong Kong",303.023080063559
"1456",2016,"India",33.4525288793088
"1457",2016,"Indonesia",58.6659555424797
"1458",2016,"Ireland",163.906738806291
"1459",2016,"Italy",56.6138295928076
"1460",2016,"Japan",33.707514673953
"1461",2016,"Malaysia",163.176285591734
"1462",2016,"Mexico",57.5428568312547
"1463",2016,"Netherlands",132.800118808031
"1464",2016,"New Zealand",66.4426914772483
"1465",2016,"Norway",81.1316859630824
"1466",2016,"Pakistan",38.7661407081207
"1467",2016,"Peru",48.4998614581593
"1468",2016,"Philippines",69.0352690714368
"1469",2016,"Portugal",74.7563111984018
"1470",2016,"Singapore",360.730401708223
"1471",2016,"South Africa",54.8938176419319
"1472",2016,"South Korea",76.3554180314966
"1473",2016,"Spain",59.1852108546586
"1474",2016,"Sweden",83.8508804754304
"1475",2016,"Switzerland",111.270064059588
"1476",2016,"Thailand",104.915747178653
"1477",2016,"Turkiye",51.8915622375488
"1478",2016,"United Kingdom",64.730867568839
"1479",2016,"United States",37.3742860550824
"1480",2016,"Venezuela, RB",63.6212100840725
"1481",2017,"Argentina",35.4191043716289
"1482",2017,"Australia",50.4260346945548
"1483",2017,"Austria",97.0893228840732
"1484",2017,"Belgium",149.806761997697
"1485",2017,"Brazil",32.7818279459286
"1486",2017,"Canada",76.5109967277656
"1487",2017,"Chile",69.3202063917797
"1488",2017,"China",45.7747251987981
"1489",2017,"Colombia",45.7270065359145
"1490",2017,"Denmark",96.7503654406997
"1491",2017,"Finland",77.9700184933526
"1492",2017,"France",63.8764257219336
"1493",2017,"Germany",76.5811434169771
"1494",2017,"Greece",61.7622246786209
"1495",2017,"Hong Kong",305.572276698492
"1496",2017,"India",35.8564357799687
"1497",2017,"Indonesia",61.2963369236102
"1498",2017,"Ireland",166.424421094932
"1499",2017,"Italy",59.4543012772583
"1500",2017,"Japan",36.4150486499705
"1501",2017,"Malaysia",165.650605863735
"1502",2017,"Mexico",60.0395197324765
"1503",2017,"Netherlands",135.516074172937
"1504",2017,"New Zealand",68.8278746056378
"1505",2017,"Norway",83.6976268588076
"1506",2017,"Pakistan",41.2130180614058
"1507",2017,"Peru",51.02948225626
"1508",2017,"Philippines",69.9702247212021
"1509",2017,"Portugal",76.8173795416058
"1510",2017,"Singapore",362.995408896452
"1511",2017,"South Africa",56.9710741766384
"1512",2017,"South Korea",78.9281264032027
"1513",2017,"Spain",61.6951432975398
"1514",2017,"Sweden",86.5108925784856
"1515",2017,"Switzerland",113.881365423656
"1516",2017,"Thailand",108.066993328499
"1517",2017,"Turkiye",54.7479934607443
"1518",2017,"United Kingdom",67.5149907109049
"1519",2017,"United States",40.9722751318939
"1520",2017,"Venezuela, RB",66.3767919763945
"1521",2018,"Argentina",37.537690429662
"1522",2018,"Australia",52.6382261881375
"1523",2018,"Austria",99.4338739590892
"1524",2018,"Belgium",152.035097884954
"1525",2018,"Brazil",34.9181489589054
"1526",2018,"Canada",79.0766219653299
"1527",2018,"Chile",71.4483688453754
"1528",2018,"China",48.3354301038608
"1529",2018,"Colombia",47.9784153972484
"1530",2018,"Denmark",98.9248335388405
"1531",2018,"Finland",80.2076450520967
"1532",2018,"France",66.3115105660722
"1533",2018,"Germany",79.3114019147476
"1534",2018,"Greece",63.651665170757
"1535",2018,"Hong Kong",306.877708631941
"1536",2018,"India",36.9133397835177
"1537",2018,"Indonesia",63.1651051570946
"1538",2018,"Ireland",168.836359963227
"1539",2018,"Italy",61.9477266983695
"1540",2018,"Japan",39.1043589289161
"1541",2018,"Malaysia",168.102171875506
"1542",2018,"Mexico",62.7166500235595
"1543",2018,"Netherlands",137.939879893442
"1544",2018,"New Zealand",71.0773174045648
"1545",2018,"Norway",85.9767782463096
"1546",2018,"Pakistan",43.6887902186763
"1547",2018,"Peru",53.3827467681747
"1548",2018,"Philippines",72.0573233064052
"1549",2018,"Portugal",78.7704513451405
"1550",2018,"Singapore",365.24738988835
"1551",2018,"South Africa",59.351938325346
"1552",2018,"South Korea",81.2281222717587
"1553",2018,"Spain",64.4629655474472
"1554",2018,"Sweden",88.7304712160145
"1555",2018,"Switzerland",116.205234125816
"1556",2018,"Thailand",109.593168112717
"1557",2018,"Turkiye",56.921543174601
"1558",2018,"United Kingdom",70.0571764264875
"1559",2018,"United States",44.2967558241251
"1560",2018,"Venezuela, RB",68.8262757486374
"1561",2019,"Argentina",37.1523783198523
"1562",2019,"Australia",52.0435836081078
"1563",2019,"Austria",98.7539599847161
"1564",2019,"Belgium",151.183593449116
"1565",2019,"Brazil",34.2174788284013
"1566",2019,"Canada",78.4449254993216
"1567",2019,"Chile",71.3601470715008
"1568",2019,"China",47.1786179916236
"1569",2019,"Colombia",47.3492588363493
"1570",2019,"Denmark",98.5453083640101
"1571",2019,"Finland",79.7151108342756
"1572",2019,"France",65.5783191958143
"1573",2019,"Germany",78.4121844508264
"1574",2019,"Greece",62.7483843169144
"1575",2019,"Hong Kong",305.988962116075
"1576",2019,"India",36.047022425316
"1577",2019,"Indonesia",62.7645471836734
"1578",2019,"Ireland",168.181165948344
"1579",2019,"Italy",61.2011142839465
"1580",2019,"Japan",38.705526526836
"1581",2019,"Malaysia",167.418724359091
"1582",2019,"Mexico",62.0270899134658
"1583",2019,"Netherlands",137.205988339113
"1584",2019,"New Zealand",70.6550998287677
"1585",2019,"Norway",85.4949204206125
"1586",2019,"Pakistan",43.0181232462331
"1587",2019,"Peru",52.7841545879909
"1588",2019,"Philippines",71.4476381902487
"1589",2019,"Portugal",77.8505694080378
"1590",2019,"Singapore",364.496908070738
"1591",2019,"South Africa",58.5520776184745
"1592",2019,"South Korea",80.2786229504106
"1593",2019,"Spain",63.3497101783392
"1594",2019,"Sweden",88.1742264194242
"1595",2019,"Switzerland",115.593278296747
"1596",2019,"Thailand",108.487781833709
"1597",2019,"Turkiye",56.1525354777391
"1598",2019,"United Kingdom",69.3478734597271
"1599",2019,"United States",42.9953753932518
"1600",2019,"Venezuela, RB",68.152881688295
"1601",2020,"Argentina",32.4079371066903
"1602",2020,"Australia",47.4259536102074
"1603",2020,"Austria",93.9800514065763
"1604",2020,"Belgium",146.316949839914
"1605",2020,"Brazil",29.7449121750545
"1606",2020,"Canada",73.4549783165185
"1607",2020,"Chile",66.2879479471529
"1608",2020,"China",41.7290268734783
"1609",2020,"Colombia",42.8392853817104
"1610",2020,"Denmark",93.7423613698885
"1611",2020,"Finland",74.9664456420874
"1612",2020,"France",60.6063279355082
"1613",2020,"Germany",73.0187990030269
"1614",2020,"Greece",58.0339356381876
"1615",2020,"Hong Kong",300.941198738003
"1616",2020,"India",31.1451895292391
"1617",2020,"Indonesia",58.129164542693
"1618",2020,"Ireland",163.309424141644
"1619",2020,"Italy",55.8756031946668
"1620",2020,"Japan",33.7677729057059
"1621",2020,"Malaysia",162.618415789982
"1622",2020,"Mexico",57.3069186462392
"1623",2020,"Netherlands",132.126375823721
"1624",2020,"New Zealand",66.0886797227275
"1625",2020,"Norway",80.815891114915
"1626",2020,"Pakistan",38.1550329040406
"1627",2020,"Peru",48.1336823070065
"1628",2020,"Philippines",66.886987792432
"1629",2020,"Portugal",72.8034065013627
"1630",2020,"Singapore",359.705564715227
"1631",2020,"South Africa",53.9620191934532
"1632",2020,"South Korea",75.551938484943
"1633",2020,"Spain",58.7639505117852
"1634",2020,"Sweden",83.5318209021071
"1635",2020,"Switzerland",110.624196427162
"1636",2020,"Thailand",103.776388120572
"1637",2020,"Turkiye",51.226300647821
"1638",2020,"United Kingdom",64.4614065269351
"1639",2020,"United States",38.042382609734
"1640",2020,"Venezuela, RB",63.3813563983847
"1641",2021,"Argentina",39.605589027515
"1642",2021,"Australia",54.7684503276352
"1643",2021,"Austria",101.087504912359
"1644",2021,"Belgium",153.911779004962
"1645",2021,"Brazil",36.9159124089052
"1646",2021,"Canada",81.4360611543002
"1647",2021,"Chile",73.538041441928
"1648",2021,"China",50.6371875063561
"1649",2021,"Colombia",49.5675597800597
"1650",2021,"Denmark",100.577927769621
"1651",2021,"Finland",81.9841485979685
"1652",2021,"France",68.5012149401436
"1653",2021,"Germany",81.6255762626135
"1654",2021,"Greece",64.8682265367118
"1655",2021,"Hong Kong",308.592224556583
"1656",2021,"India",38.2613533612501
"1657",2021,"Indonesia",65.3787444457745
"1658",2021,"Ireland",170.970128852543
"1659",2021,"Italy",63.7691768897618
"1660",2021,"Japan",42.0362059408473
"1661",2021,"Malaysia",170.084290014448
"1662",2021,"Mexico",63.7863090465885
"1663",2021,"Netherlands",139.767988092171
"1664",2021,"New Zealand",73.0790617955118
"1665",2021,"Norway",87.8888199178946
"1666",2021,"Pakistan",44.9875586346662
"1667",2021,"Peru",55.7852440179333
"1668",2021,"Philippines",73.8960004819737
"1669",2021,"Portugal",80.2604082636425
"1670",2021,"Singapore",367.39736194222
"1671",2021,"South Africa",61.1266719803991
"1672",2021,"South Korea",83.4407476224972
"1673",2021,"Spain",66.1465655681647
"1674",2021,"Sweden",90.8255753825
"1675",2021,"Switzerland",118.000705066442
"1676",2021,"Thailand",111.314992510712
"1677",2021,"Turkiye",58.5162302175144
"1678",2021,"United Kingdom",72.514607052745
"1679",2021,"United States",48.0644835410001
"1680",2021,"Venezuela, RB",70.5254212534207
